instance_number,distance_clav_k1,entropy,sharpness_global,sharpness_local,distance_annotation
1,8.94427190999916,0.0067437528632581,0.0218427960909428,0.0463305920989032,4
2,9.219544457292889,0.0064637493342161,0.0239250086557975,0.0522352272649016,3
3,9.848857801796104,0.0065579884685575,0.0252763414261106,0.0511110862666449,2
4,9.433981132056603,0.006627953145653,0.0261128909264143,0.0498240987298024,1
5,9.433981132056603,0.0069609694182872,0.027495798460209,0.0353398625644234,0
6,9.848857801796104,0.0071307970210909,0.0283777658466666,0.0543308500998894,1
7,9.899494936611664,0.0070388899184763,0.0292470247072796,0.0527921707330823,2
8,9.899494936611664,0.0069584650918841,0.0295738779544943,0.049270788582796,3
9,9.899494936611664,0.0066583734005689,0.0297315665023035,0.0508817576445884,4
10,10.63014581273465,0.0060723545029759,0.0306583804191382,0.0469393569817124,5
11,10.63014581273465,0.0064315302297472,0.0311552474167336,0.0482575964318848,6
12,10.295630140987,0.0065370630472898,0.031859060733519,0.0512119392876766,7
13,10.295630140987,0.0066771791316568,0.0328630227991066,0.0534321441411027,8
14,9.899494936611664,0.0066638658754527,0.0337699938591487,0.0542563496451005,7
15,9.899494936611664,0.0065730889327824,0.0347620944862577,0.0558019064567911,6
16,9.899494936611664,0.0065808142535388,0.0357470639649951,0.0613890858946895,5
17,10.0,0.0062919436022639,0.0363541799342626,0.0582677114922464,4
18,10.0,0.006254666019231,0.0372735895197308,0.0618133010112858,3
19,10.0,0.005830536596477,0.0379871361208038,0.0611915910270714,2
20,10.295630140987,0.0059879664331674,0.038390754368967,0.0617723764245338,1
21,10.295630140987,0.0062455292791128,0.0384712843501694,0.0615704607135757,0
22,10.295630140987,0.0062856092117726,0.0387499836846055,0.0641610836780406,1
23,10.770329614269007,0.0063972705975174,0.038516090939577,0.0645811797254399,2
24,10.63014581273465,0.0063335835002362,0.0389322938103099,0.0666125350945691,3
25,10.63014581273465,0.0061164973303675,0.0390897116782472,0.0660233797828869,4
26,10.63014581273465,0.0063428864814341,0.0390517966609122,0.0626188915998527,5
27,10.63014581273465,0.0062063192017376,0.0390676259118077,0.0651081176350585,4
28,10.63014581273465,0.0062410365790128,0.0389497352854479,0.0649383138379992,3
29,10.63014581273465,0.0063631413504481,0.0384660315353711,0.0618192832230202,2
30,10.816653826391969,0.0063009681180119,0.0387021312967954,0.0620663957386711,1
31,10.816653826391969,0.0063207470811903,0.0387996302864661,0.0639862571608715,0
32,11.31370849898476,0.0065524284727871,0.0391254906925423,0.0658104359753154,1
33,11.704699910719626,0.0065967608243227,0.0394111854825412,0.0668893552799307,2
34,11.6619037896906,0.0066663646139204,0.0395952334828952,0.0670759317718321,3
35,11.180339887498947,0.0069125271402299,0.0394655790717904,0.0660110718745876,4
36,10.770329614269007,0.0069276154972612,0.0405584660101085,0.0694681125081187,5
37,11.180339887498947,0.0071922694332897,0.0403051741320234,0.0649021452238629,6
38,11.6619037896906,0.007251271046698,0.0408125992891553,0.0644661207193541,7
39,11.6619037896906,0.0070760296657681,0.0411812367169149,0.0680311431117492,8
40,11.6619037896906,0.0069624679163098,0.0412167652840758,0.0680228771465877,9
41,11.180339887498947,0.0068418188020586,0.0411475290224163,0.0651120919514917,10
42,10.770329614269007,0.0072713764384388,0.0416890512808073,0.0669709862136703,11
43,10.770329614269007,0.0071134520694613,0.0413767439743401,0.0632308186410076,10
44,10.770329614269007,0.0072156405076384,0.0414187271979557,0.062013545366616,9
45,10.295630140987,0.0072002233937382,0.0415067241070954,0.0684617623414308,8
46,10.0,0.0072715384885668,0.0414655863884881,0.0668710405060679,7
47,9.848857801796104,0.0071524572558701,0.0412384489342249,0.0694275078971228,6
48,9.848857801796104,0.0066953017376363,0.0407785821122215,0.0687321294606024,5
49,10.770329614269007,0.0062398742884397,0.0406393021643069,0.0710417002748592,4
50,11.180339887498947,0.0061475192196667,0.0393195588505115,0.0657883116575505,3
51,10.63014581273465,0.0061368490569293,0.0390448066889048,0.0649859554119403,2
52,10.816653826391969,0.0060429060831665,0.0386093571904648,0.0650709376106039,1
53,10.770329614269007,0.006207657046616,0.0383275289808046,0.0636364047973454,0
54,10.770329614269007,0.0060399137437343,0.0383616033961834,0.0653298823055411,1
55,10.0,0.0058567808009684,0.0380519423533703,0.0631806820479334,2
56,9.433981132056603,0.0057753608562052,0.0390870609610662,0.0663697889077229,3
57,9.433981132056603,0.0056974915787577,0.0387274491231634,0.063406669956377,4
58,9.433981132056603,0.0056225303560495,0.0383675241423454,0.0599166558031964,5
59,9.219544457292889,0.0056239706464111,0.0379657549210599,0.059409303937426,6
60,9.433981132056603,0.0056381309404969,0.0372313220822141,0.0590202669689176,6
61,9.219544457292889,0.0057225357741117,0.0370060946982329,0.0576233134668251,5
62,8.94427190999916,0.0057920073159039,0.036222738796741,0.0586399535635597,4
63,9.219544457292889,0.0058414582163095,0.0358764796724037,0.0567237130514078,3
64,8.54400374531753,0.0056970808655023,0.0345156944511496,0.0579245337263968,2
65,8.94427190999916,0.0056300880387425,0.0334502321563039,0.0557641828410674,1
66,8.94427190999916,0.006061878055334,0.0330744751458812,0.0522450214011968,0
67,8.94427190999916,0.0062026176601648,0.0335764272628062,0.0526531594188607,1
68,8.94427190999916,0.0061877989210188,0.0340435779150956,0.0468452079529977,2
69,8.94427190999916,0.0062391478568315,0.0342817113777013,0.0475938771243178,3
70,10.0,0.006230576429516,0.0353280204608524,0.0502910384944233,4
71,9.848857801796104,0.0062172687612473,0.0357491368241667,0.0511127594253591,5
72,10.0,0.0061038341373205,0.0348517356583735,0.0514029629234011,6
73,10.816653826391969,0.0060074226930737,0.0350242988916226,0.0510890852287706,6
74,10.816653826391969,0.0060385926626622,0.0350780485612784,0.0485041749589011,5
75,11.180339887498947,0.0060079945251345,0.035739519561613,0.0510558826737478,4
76,10.770329614269007,0.0062058293260633,0.0358944359743157,0.0508920303486982,3
77,10.63014581273465,0.0061973170377314,0.0360911157011513,0.0597278461779366,2
78,10.816653826391969,0.0063698128797113,0.0366773410015381,0.0541435149876342,1
79,10.0,0.0064817578531801,0.0362840185435194,0.0537729800800641,0
80,9.433981132056603,0.0065443264320492,0.0361195432360408,0.060099831445733,1
81,9.219544457292889,0.0066899382509291,0.0360337187787135,0.0617544424709719,2
82,9.219544457292889,0.0070031709037721,0.0356997405268277,0.0603826292080726,3
83,9.219544457292889,0.0067992634139955,0.0356456483658837,0.0501218525344963,4
84,9.219544457292889,0.0065476112067699,0.0359690279084753,0.0503311392015235,5
85,8.94427190999916,0.0066132452338933,0.0359341053677024,0.052659488368856,6
86,9.433981132056603,0.0066631911322474,0.0359653916667761,0.0530392746901547,7
87,8.602325267042627,0.0065201804973185,0.035751835954566,0.0529352372119261,8
88,8.54400374531753,0.0063878512009978,0.0342937647749475,0.0571526002697653,7
89,8.94427190999916,0.006400367245078,0.0339038693851559,0.0553831065662908,6
90,9.433981132056603,0.0067469729110598,0.0338576505580386,0.0554267140821237,5
91,9.848857801796104,0.0066369045525789,0.0341817318571934,0.0554307065528352,4
92,9.848857801796104,0.0066869449801743,0.0341193578975961,0.0565768568513848,3
93,9.848857801796104,0.0067703365348279,0.0337230187098571,0.0475666300138562,2
94,9.848857801796104,0.0065344679169356,0.033722281379321,0.0577217169547962,1
95,9.848857801796104,0.0064215590246021,0.0338294829731157,0.0608880721333029,0
96,9.848857801796104,0.0062661254778504,0.0334647129337624,0.0621121061645812,1
97,9.848857801796104,0.0062545049004256,0.0336483731395089,0.0585720019731456,2
98,9.433981132056603,0.0061748861335217,0.0340707928435166,0.0598943432238455,3
99,10.295630140987,0.0063224602490663,0.0345824394462552,0.0633129853630346,4
100,9.433981132056603,0.0061870771460235,0.0350553500597111,0.0628577082212564,5
101,10.0,0.0062357801944017,0.0356238140512,0.0617177732049834,5
102,10.63014581273465,0.0064737908542156,0.0356515107888067,0.0612121768433799,4
103,10.0,0.0068287728354334,0.0360097709422212,0.0494665695039963,3
104,9.433981132056603,0.0068841171450912,0.0371660361402526,0.0518852116488684,2
105,9.219544457292889,0.00682851113379,0.037750787193856,0.0534171595868447,1
106,8.94427190999916,0.0070175607688724,0.0368711219587735,0.0616726663988044,0
107,8.602325267042627,0.0072446437552571,0.0367783685066328,0.0601568643486047,1
108,8.602325267042627,0.0069822263903915,0.036623355802888,0.0607487199843602,2
109,9.219544457292889,0.0069994544610381,0.0368034611544978,0.06302227442177,3
110,9.219544457292889,0.0070579396560788,0.0366886314806877,0.0606710215552782,4
111,9.219544457292889,0.0069476515054702,0.0364117741963614,0.0589264480181107,5
112,9.848857801796104,0.0070742461830377,0.0365809550790726,0.0581162990744031,6
113,9.433981132056603,0.0073461909778416,0.035453225940246,0.0528708930412345,7
114,9.848857801796104,0.0073859598487615,0.0355149468903094,0.0527181948243126,8
115,9.848857801796104,0.0071179177612066,0.0352357050178188,0.0534856688439543,9
116,10.0,0.0071885525248944,0.0351856122728843,0.0566998041687466,10
117,9.848857801796104,0.0072971894405782,0.0342211818798313,0.0538607068489691,11
118,9.848857801796104,0.0075000519864261,0.0336922449939147,0.0522107122915592,12
119,10.295630140987,0.0075801778584718,0.0330872381172049,0.0533736618185442,13
120,10.295630140987,0.0070163952186703,0.0325866920149729,0.0500856541628934,12
121,10.295630140987,0.0072420467622578,0.0319053144319131,0.0465515345478376,11
122,10.63014581273465,0.0077081308700144,0.031463197660553,0.0435267019242758,10
123,11.6619037896906,0.0074532572180032,0.0319042492397289,0.0481090691385501,9
124,11.6619037896906,0.0077452445402741,0.0323722803930536,0.0518661598545261,8
125,11.31370849898476,0.007524212822318,0.0334861453347442,0.0543561476730588,7
126,11.31370849898476,0.007524789776653,0.0339703086897836,0.0543835335492026,6
127,11.31370849898476,0.0076984576880931,0.0340538730476217,0.0531910600372096,5
128,11.31370849898476,0.0082719661295413,0.0346418936434603,0.0527654827228891,4
129,11.180339887498947,0.0077626537531614,0.0347502784904945,0.0522357333437556,3
130,11.180339887498947,0.007468834053725,0.0348012169673492,0.052675157695831,2
131,11.180339887498947,0.0081540858373045,0.0353064984672341,0.0544431129711182,1
132,11.180339887498947,0.0080480948090553,0.0356245233111145,0.0557790655069031,0
133,11.180339887498947,0.0078558139503002,0.0356551846082843,0.0562307732572833,1
134,11.6619037896906,0.007625114172697,0.0357691769771211,0.0557617461157927,2
135,11.6619037896906,0.007650788873434,0.0366613273004428,0.0589570859673213,3
136,12.041594578792296,0.0076603628695011,0.0371217386812026,0.058282033716041,4
137,12.041594578792296,0.0076333391480147,0.0378552333644187,0.0601923870723461,5
138,12.041594578792296,0.0073498203419148,0.0380082014601751,0.061757250884534,6
139,12.041594578792296,0.0076003288850188,0.0374648748062043,0.062121641901692,7
140,12.041594578792296,0.0075102210976183,0.0375080480995208,0.060909138502423,6
141,12.041594578792296,0.0077769821509718,0.0380544369666079,0.0639209190999073,5
142,11.180339887498947,0.0078369546681642,0.0384993223223786,0.0633788771616137,4
143,11.180339887498947,0.0074310624040663,0.0392713259545598,0.0664123958346334,3
144,11.180339887498947,0.0077096498571336,0.0392459455261408,0.0654494941712331,2
145,11.6619037896906,0.0073381145484745,0.0394200730031965,0.0657645019622458,1
146,11.180339887498947,0.0070190131664276,0.0392308361939164,0.0666299134656572,0
147,11.31370849898476,0.0070071639493107,0.0389747631252717,0.0688138866570086,1
148,11.180339887498947,0.0065344534814357,0.0391519100724055,0.0663768174702973,2
149,11.40175425099138,0.0065077366307377,0.0389914406246414,0.065197822777225,3
150,11.31370849898476,0.006504904013127,0.0390829548397858,0.0648244829811278,4
151,10.63014581273465,0.0066138948313891,0.0397572210099632,0.0666662343513969,5
152,10.63014581273465,0.0065183578990399,0.0398081152225131,0.0658272548820506,4
153,10.63014581273465,0.0063881454989314,0.0399713829676039,0.0659373048545389,3
154,10.63014581273465,0.0064703654497861,0.0401504034828594,0.0666065367974045,2
155,10.63014581273465,0.0063433670438826,0.0399164010839615,0.066407369591428,1
156,10.63014581273465,0.0064274729229509,0.0396176176510132,0.0599902432487758,0
157,10.63014581273465,0.0062380265444517,0.0396345383926899,0.0603700990799907,1
158,10.63014581273465,0.0059860097244381,0.040246161691826,0.0596546750859075,2
159,10.63014581273465,0.0057962373830378,0.0405108032980062,0.0606063674074767,3
160,10.63014581273465,0.0057644541375339,0.0407784371905886,0.0591453728243812,4
161,10.63014581273465,0.0056528365239501,0.0411182527685797,0.0591309391531095,3
162,10.295630140987,0.0056040687486529,0.0415987113476171,0.0610778918413826,2
163,10.0,0.0056616570800542,0.0411000826811519,0.0609664384486777,1
164,10.295630140987,0.005752086173743,0.040361873596383,0.0590646336861592,0
165,10.295630140987,0.005679537076503,0.0401724352608584,0.0593686414130287,1
166,10.44030650891055,0.0056991213932633,0.040292770939838,0.059953438260675,2
167,10.44030650891055,0.0056759091094136,0.0398652620753644,0.0605797527785188,3
168,10.295630140987,0.0056819785386323,0.0397346186306341,0.0609168595208838,4
169,10.295630140987,0.0058593223802745,0.0395275114419012,0.0616656295597771,3
170,10.770329614269007,0.0060250060632824,0.0390980425988425,0.0573624725190229,2
171,10.295630140987,0.0060187135823071,0.0387316695110822,0.0638559023146789,1
172,10.295630140987,0.0059740515425801,0.0383087475295243,0.06075451203764,0
173,10.295630140987,0.005939055699855,0.0383805546898015,0.0630934745613567,1
174,9.848857801796104,0.0058692502789199,0.0382485684512156,0.0636420633828016,2
175,9.433981132056603,0.006013449281454,0.038007452227069,0.0638611031822244,3
176,9.433981132056603,0.005966602358967,0.0383849269622304,0.0637144860174321,4
177,9.433981132056603,0.0059310221113264,0.0383725911186579,0.0634553525499119,5
178,8.94427190999916,0.0059740487486124,0.037720313250285,0.0644438515023268,6
179,8.94427190999916,0.0061068846844136,0.0367978425583072,0.0606982175137617,7
180,8.94427190999916,0.0058484696783125,0.0358160816245825,0.0562777544394997,8
181,8.54400374531753,0.0055665886029601,0.0349217732093958,0.049927455687699,9
182,9.433981132056603,0.0056966049596667,0.0349154786307533,0.0533579750538199,10
183,8.94427190999916,0.0057599935680627,0.0344515345775053,0.0508548754357588,11
184,9.433981132056603,0.0059073120355606,0.0347452417601571,0.0585823300728592,10
185,10.0,0.0060771061107516,0.0337170871142964,0.0485955414133376,9
186,10.0,0.0064018396660685,0.0316063951759629,0.0449139669644355,8
187,10.295630140987,0.0071939025074243,0.0314468654422505,0.0462310835101872,7
188,9.899494936611664,0.0072947419248521,0.0315963723394952,0.0434606783329333,6
189,9.848857801796104,0.006980150938034,0.0321377853374848,0.0457807918867645,5
190,9.848857801796104,0.0065440721809864,0.0336094689426551,0.048632983535804,4
191,9.433981132056603,0.0064884293824434,0.034068657085316,0.0482291569071272,3
192,9.848857801796104,0.0058449185453355,0.034601725574696,0.0512041758539093,2
193,9.848857801796104,0.0058699613437056,0.0347853715539429,0.0457784656479458,1
194,9.433981132056603,0.0059893615543842,0.035762038804282,0.0480503250820523,0
195,8.94427190999916,0.0062197144143283,0.0357347154287536,0.0546408814211606,1
196,9.219544457292889,0.0066284365020692,0.0356562900607583,0.0532513595560922,2
197,8.48528137423857,0.006754302419722,0.0355792838665873,0.0497774030189198,3
198,8.48528137423857,0.0068843392655253,0.0365189069671803,0.0514671875518492,4
199,8.94427190999916,0.0066832583397626,0.037114634676838,0.0494907984175013,3
200,9.219544457292889,0.0065947026014328,0.037501903846707,0.053833989662666,2
201,8.94427190999916,0.0065918834879994,0.0375186030341012,0.0529564933375991,1
202,9.219544457292889,0.006433657836169,0.0375386121916054,0.0521087667881167,0
203,9.219544457292889,0.0064150691032409,0.0360315374894002,0.0539202548035158,1
204,9.433981132056603,0.0064285965636372,0.034707614282834,0.0503186333054808,2
205,9.433981132056603,0.0064438031986355,0.0343595061952735,0.0498747649940033,3
206,8.94427190999916,0.0062983161769807,0.0345594004950802,0.0508841502052028,4
207,8.602325267042627,0.0062899561598896,0.033574592796039,0.0496970275055873,5
208,8.94427190999916,0.0058141071349382,0.0328731468079714,0.04741434904774,6
209,8.94427190999916,0.0057661854662001,0.0328960490090555,0.0488433195513159,7
210,8.602325267042627,0.0057207071222364,0.0329523488962716,0.0503545920251867,8
211,8.54400374531753,0.00575632462278,0.0321515261769499,0.0501978639314326,9
212,8.602325267042627,0.0054296688176691,0.0325158199307454,0.050773893916091,10
213,8.54400374531753,0.0054860794916749,0.0328524744331154,0.0497920034901917,9
214,8.48528137423857,0.0056653572246432,0.033903128478235,0.0536852170389343,8
215,8.602325267042627,0.0058542741462588,0.0331644814142912,0.0487236300017283,7
216,8.94427190999916,0.0061075333505868,0.0328841789322783,0.0486877696890391,6
217,9.219544457292889,0.0062540280632674,0.0327924822846689,0.0496668702118897,5
218,8.94427190999916,0.0060526202432811,0.0330628384440391,0.049630601153134,4
219,9.433981132056603,0.0062533211894333,0.0330295205796225,0.0518224624666619,3
220,9.219544457292889,0.0061082504689693,0.0334056954954631,0.0507292361969848,2
221,9.433981132056603,0.0061459159478545,0.0338453862139493,0.0529777386288382,1
222,9.219544457292889,0.006242879666388,0.0330858931353077,0.050017741581745,0
223,9.433981132056603,0.0059993029572069,0.0335912683028838,0.0520203219357252,1
224,9.219544457292889,0.0059689218178391,0.0335215432478522,0.0522911854343417,2
225,9.219544457292889,0.0060763740912079,0.033869756415954,0.0516947747761657,3
226,8.94427190999916,0.0059929196722805,0.034366584472872,0.0519295936013301,4
227,9.433981132056603,0.0061208331026136,0.0340883087886769,0.0515843173798799,5
228,9.433981132056603,0.0064200866036117,0.0339693518310766,0.05443510278099,6
229,9.848857801796104,0.0061437059193849,0.0331608269282649,0.0474790465344763,5
230,9.899494936611664,0.0060458988882601,0.0328668037523423,0.0441222446859251,4
231,10.63014581273465,0.0061542759649455,0.0328081834163711,0.0445330133219939,3
232,11.180339887498947,0.0058700833469629,0.0320764883390871,0.0405764473605014,2
233,10.770329614269007,0.0054367925040423,0.0322237232183828,0.0427754404779447,1
234,10.63014581273465,0.0055609438568353,0.0324305576327383,0.0432024846704132,0
235,10.63014581273465,0.0056405151262879,0.0329502443487675,0.0475641249115075,1
236,10.295630140987,0.0058876620605587,0.0336585691000251,0.0504058183505288,2
237,10.0,0.005808513611555,0.0347693271545004,0.052061167180245,3
238,9.899494936611664,0.0059210313484072,0.0362108378115009,0.0560057134073595,4
239,9.899494936611664,0.0060920561663806,0.0366665589609101,0.051645065140902,5
240,9.848857801796104,0.005997521802783,0.0374778836932968,0.0526545935724606,6
241,9.899494936611664,0.0057243560440838,0.0384247817291371,0.0548369987895183,6
242,9.899494936611664,0.0058280169032514,0.0381600321540053,0.0530529291016652,5
243,9.899494936611664,0.005930995568633,0.0392182821412294,0.0559074565898439,4
244,9.899494936611664,0.0058990190736949,0.039387269467904,0.0559207036527457,3
245,9.899494936611664,0.0062103201635181,0.0392446000719827,0.0551875263645757,2
246,9.899494936611664,0.0061008632183074,0.0401181943938553,0.0605725792671392,1
247,9.899494936611664,0.0061334334313869,0.0399600782676114,0.0562235659009777,0
248,10.63014581273465,0.0062886280938982,0.0398467116090429,0.0622954579952702,1
249,10.63014581273465,0.00625950563699,0.0401398258611691,0.0645272643480245,2
250,10.770329614269007,0.0061655128374695,0.0401948833653071,0.0651663551117316,3
251,11.180339887498947,0.006065753288567,0.0396238438823601,0.0666173993782279,4
252,10.770329614269007,0.0063815284520387,0.0391304727268016,0.0624602465762823,5
253,11.180339887498947,0.0066687883809208,0.0387055560747927,0.0619079977704831,4
254,11.180339887498947,0.0067810569889843,0.0382094332210591,0.0592307229321442,3
255,11.180339887498947,0.0064683891832828,0.0374002455580698,0.0538802784570694,2
256,11.180339887498947,0.0063524954020977,0.0369630967724027,0.0538088335531271,1
257,11.180339887498947,0.0063244309276342,0.036444989593481,0.0554936258456879,0
258,11.6619037896906,0.0063529466278851,0.0361958513779265,0.0538820314184144,1
259,11.6619037896906,0.006254353094846,0.0363736469084463,0.0583952945237548,2
260,11.40175425099138,0.0058677876368165,0.036836995451402,0.0568855586348512,3
261,11.6619037896906,0.0059073572047054,0.036677614047061,0.056060692179327,4
262,11.6619037896906,0.0058769052848219,0.037121010659573,0.0537497717497121,5
263,11.180339887498947,0.0059409826062619,0.0375531672339622,0.0543194141858677,6
264,11.180339887498947,0.0059042619541287,0.0379262433190543,0.0552078744198497,7
265,11.180339887498947,0.0058436244726181,0.0378475946106925,0.054787911149948,8
266,11.31370849898476,0.0056985761038959,0.0385206321736563,0.053010728467331,9
267,10.816653826391969,0.0057432763278484,0.0384329571826236,0.0515439244962526,10
268,10.295630140987,0.0060983654111623,0.0383059845515374,0.051115475803394,11
269,10.63014581273465,0.006052772514522,0.0381219599622157,0.0527811795917844,12
270,10.63014581273465,0.0060714711435139,0.0382323831353208,0.0539890543599209,12
271,10.770329614269007,0.0060486877337098,0.0384046689452189,0.0549577244645305,11
272,10.770329614269007,0.0060301031917333,0.0381426960863006,0.0555126728716433,10
273,10.770329614269007,0.0058300928212702,0.0382986005535414,0.0591072142747951,9
274,11.31370849898476,0.0060351206921041,0.0376714285452389,0.0585664805902575,8
275,11.31370849898476,0.0061847488395869,0.0369274597522878,0.0579395766703466,7
276,10.63014581273465,0.0057828575372695,0.0359551399843582,0.0549062411848578,6
277,10.63014581273465,0.0059063364751636,0.0354949195297316,0.0581370544216746,5
278,10.295630140987,0.0059374906122684,0.0348079091171839,0.0557155616359173,4
279,10.295630140987,0.005712766200304,0.0343891490515148,0.0550160161632111,3
280,10.295630140987,0.0057273614220321,0.0345355240872849,0.0558022043108296,2
281,10.0,0.0057848114520311,0.0347507119384192,0.0579793367211323,1
282,9.433981132056603,0.0062015489675104,0.03330550529204,0.0495470890335446,0
283,9.433981132056603,0.0066123809665441,0.0323471014971413,0.048101591879463,1
284,9.433981132056603,0.0068685887381434,0.0319915798368863,0.0445541966090191,2
285,9.433981132056603,0.0071424841880798,0.0323126286484134,0.0464545989807117,3
286,9.433981132056603,0.0070704696699976,0.0333334125143651,0.0486790085954529,4
287,9.219544457292889,0.0067071211524307,0.0345986394174702,0.0469814745168775,5
288,9.848857801796104,0.006335858721286,0.0349914032953443,0.047961970154553,6
289,10.0,0.0060752872377634,0.0352258372696147,0.0478455868151608,7
290,10.816653826391969,0.0061650932766497,0.0357921762729901,0.0496534256875097,8
291,11.180339887498947,0.0068147503770887,0.0347878434580084,0.0470996415188564,9
292,11.180339887498947,0.0066518927924335,0.0343893641793631,0.0511908090082702,10
293,10.770329614269007,0.0065460177138447,0.0343950039660183,0.0507143283292919,11
294,10.63014581273465,0.0065342830494046,0.0345417918615875,0.0522964702652386,12
295,10.0,0.006447501014918,0.0347241454131354,0.0504601999075944,13
296,9.219544457292889,0.0064260275103151,0.0355830939043192,0.0530947640766075,14
297,9.219544457292889,0.0060487543232738,0.0359439198041977,0.0560928734096181,15
298,9.219544457292889,0.0060287378728389,0.0356411445405624,0.0543461753356528,16
299,9.433981132056603,0.0059041664935648,0.0363911202040909,0.055856646016647,17
300,9.433981132056603,0.0060652755200862,0.036487166094964,0.0494199840021548,18
